topic,term,type
Climate Change,anti-esg,pattern
Climate Change,antiesg,pattern
Climate Change,cap and trade,pattern
Climate Change,cap-and-trade,pattern
Climate Change,carbon credits,pattern
Climate Change,carbon offset,pattern
Climate Change,carbon offsets,pattern
Climate Change,clean energy,pattern
Climate Change,Climate Corporate Data Accountability Act,anchor term
Climate Change,climate disclosure,pattern
Climate Change,climate justice,pattern
Climate Change,community-based catastrophe insurance,anchor term
Climate Change,corporate responsibility,anchor term
Climate Change,CSD3,pattern
Climate Change,CSDDD,pattern
Climate Change,deforestation,pattern
Climate Change,divestment,pattern
Climate Change,emissions disclosure,pattern
Climate Change,endangerment finding,pattern
Climate Change,environmental pollution,pattern
Climate Change,ESG,pattern
Climate Change,EtO,pattern
Climate Change,EUDR,pattern
Climate Change,fiduciary duty,pattern
Climate Change,fossil fuel financing,pattern
Climate Change,fossil fuels,pattern
Climate Change,green bonds,pattern
Climate Change,Nationally Determined Contributions,anchor term
Climate Change,natural disaster,pattern
Climate Change,natural disasters,pattern
Climate Change,NDCs,pattern
Climate Change,net zero,pattern
Climate Change,Petersberg Climate Dialogue,pattern
Climate Change,PFAS,pattern
Climate Change,plastic,pattern
Climate Change,plastic pollution,anchor term
Climate Change,plastic recycling,pattern
Climate Change,plastic supply chain,pattern
Climate Change,plastic waste,pattern
Climate Change,plasticulture,pattern
Climate Change,regenerative agriculture,pattern
Climate Change,RimbaRaya,pattern
Climate Change,SB 253,pattern
Climate Change,SB 261,pattern
Climate Change,SBTi,pattern
Climate Change,science based targets,anchor term
Climate Change,super fund law,pattern
Climate Change,sustainable agriculture,anchor term
Climate Change,water stewardship,pattern
Climate Change,financial results,exclusionary term
Climate Change,plastic surgery,exclusionary term